{
  "01_G_01_R_100_ch1_01": {
    "over_estimation_ratio": 0.18985270049099837,
    "confidence_ratio": 0.6202945990180033
  }
}