{
  "01_G_01_R_100_ch1_01": {
    "over_estimation_ratio": 0.18316831683168316,
    "confidence_ratio": 0.6336633663366337
  }
}